{"chart":{"caption":"CRI of Industry","subcaption":"for specified company","xAxisname":"Industry","yAxisName":"CRI","numberPrefix":" ","plotFillAlpha":"80","paletteColors":"#a6a6a6","baseFontColor":"#FFFFFF","baseFont":"Verdana","captionFontSize":"14","subcaptionFontSize":"14","subcaptionFontBold":"0","showBorder":"0","bgColor":"#000000","showShadow":"0","canvasBgColor":"#000000","canvasBorderAlpha":"0","divlineAlpha":"100","divlineColor":"#999999","divlineThickness":"1","divLineDashed":"1","divLineDashLen":"1","usePlotGradientColor":"0","showplotborder":"0","valueFontColor":"#FFFFFF","placeValuesInside":"1","showHoverEffect":"1","rotateValues":"1","showXAxisLine":"1","xAxisLineThickness":"1","xAxisLineColor":"#999999","showAlternateHGridColor":"0","legendBgAlpha":"0","legendBorderAlpha":"0","legendShadow":"0","legendItemFontSize":"10","legendItemFontColor":"#666666"},"data":[{"value":"8.5","label":"Retailing","color":"#a6a6a6"},{"value":"0.5","label":"Technology","color":"#1a8cff"},{"value":"2.0","label":"Aerospace & Defense","color":"#1a8cff"},{"value":"7.0","label":"Telecommunications","color":"#1a8cff"},{"value":"6.0","label":"Energy","color":"#1a8cff"},{"value":"6.5","label":"Engineering & Construction","color":"#1a8cff"},{"value":"8.5","label":"Apparel","color":"#1a8cff"},{"value":"6.0","label":"Transportation","color":"#1a8cff"},{"value":"8.5","label":"Industrials","color":"#1a8cff"},{"color":"#1a8cff","label":"Media","value":"7.5"}]}