{"chart":{"caption":"Industry resilience level","subcaption":"for specified company","xAxisname":"Industry","yAxisName":"CRI","numberPrefix":" ","plotFillAlpha":"80","paletteColors":"#0075c2,#1aaf5d","baseFontColor":"#FFFFFF","baseFont":"Verdana","captionFontSize":"14","subcaptionFontSize":"14","subcaptionFontBold":"0","showBorder":"0","bgColor":"#000000","showShadow":"0","canvasBgColor":"#666666","canvasBorderAlpha":"0","divlineAlpha":"100","divlineColor":"#999999","divlineThickness":"1","divLineDashed":"1","divLineDashLen":"1","usePlotGradientColor":"0","showplotborder":"0","valueFontColor":"#ffffff","placeValuesInside":"1","showHoverEffect":"1","rotateValues":"1","showXAxisLine":"1","xAxisLineThickness":"1","xAxisLineColor":"#999999","showAlternateHGridColor":"0","legendBgAlpha":"0","legendBorderAlpha":"0","legendShadow":"0","legendItemFontSize":"10","legendItemFontColor":"#666666"},"categories":[{"category":[{"label":"0"}]}],"dataset":[{"seriesname":"Threats","data":[{"value":"0"}]}]}