{"chart":{"caption":"CRI based on subsidiaries","showvalues":"1","yaxisname":"Number of subsidiaries","xaxisname":"CRI","numdivlines":"0","canvascolor":"#000000","canvasborderalpha":"0","canvasbgalpha":"0","numvdivlines":"5","plotgradientcolor":"a6a6a6","drawanchors":"1","plotfillangle":"90","plotfillalpha":"63","vdivlinealpha":"22","vdivlinecolor":"6281B5","bgcolor":"#000000","showplotborder":"0","bordercolor":"9DBCCC","borderalpha":"100","canvasbgratio":"0","basefontcolor":"#FFFFFF","tooltipbgcolor":"37444A","tooltipbordercolor":"37444A","tooltipcolor":"FFFFFF","baseFont":"Verdana","basefontsize":"8","outcnvbasefontsize":"11","showyaxisvalues":"0","animation":"1","palettecolors":"0080C0","showtooltip":"1","showborder":"0"},"data":[{"label":"0","value":"∞","anchorRadius":"2","anchorBorderColor":"0372AB","anchorBgColor":"E1f5ff"},{"label":"1","value":"51","anchorRadius":"2","anchorBorderColor":"0372AB","anchorBgColor":"#1a8cff"},{"label":"2","value":"21","anchorRadius":"2","anchorBorderColor":"0372AB","anchorBgColor":"#1a8cff"},{"label":"3","value":"9","anchorRadius":"6","anchorBorderColor":"0372AB","anchorBgColor":"#1a8cff"},{"label":"4","value":"7","anchorRadius":"2","anchorBorderColor":"0372AB","anchorBgColor":"#1a8cff"},{"label":"5","value":"5","anchorRadius":"2","anchorBorderColor":"0372AB","anchorBgColor":"#1a8cff"},{"label":"6","value":"4","anchorRadius":"2","anchorBorderColor":"0372AB","anchorBgColor":"#1a8cff"},{"label":"7","value":"3","anchorRadius":"2","anchorBorderColor":"0372AB","anchorBgColor":"#1a8cff"},{"label":"8","value":"2","anchorRadius":"2","anchorBorderColor":"0372AB","anchorBgColor":"#1a8cff"},{"label":"10","value":"1","anchorRadius":"2","anchorBorderColor":"0372AB","anchorBgColor":"#1a8cff"}]}