{"chart":{"caption":"Targeted Industries Retailing","subcaption":"Based on number of Data Breach/ Data Stolen / Data Lost","yaxisname":"Number of Records Stolen","xaxisname":"Year","showBorder":"0","plotgradientcolor":"","rotatevalues":"0","canvasBgColor":"#000000","baseFont":"Verdana","baseFontColor":"#FFFFFF","bgColor":"#000000","divlinecolor":"","showvalues":"1","valuefontbold":"1","yaxisnamefontsize":"12","labelsepchar":": ","labeldisplay":"AUTO","numberscalevalue":"1,5,15,20","numberscaleunit":" ","animation":"0","paletteColors":"#a6a6a6"},"data":[{"label":"2012","value":213200000},{"label":"2013","value":106330000},{"label":"2014","value":127205000},{"label":"2015","value":2600000},{"label":"2016","value":33846000},{"label":"2017","value":0}]}