{"annotations":{"origw":"450","origh":"300","autoscale":"1","showBelow":"0","groups":[{"id":"arcs","items":[{"id":"store-cs-bg","type":"rectangle","x":"$chartCenterX-130","y":"$chartEndY - 22","tox":"$chartCenterX + 150","toy":"$chartEndY - 2","fillcolor":"#000000"},{"id":"state-cs-text","type":"Text","color":"#ffffff","label":"No. of Employees: 2300000","fontSize":"12","align":"center","x":"$chartCenterX + 10","y":"$chartEndY - 12"}]}]},"chart":{"caption":"CRI based on Employee Count","yaxisname":"Employee Count","xaxisname":"CRI","captionpadding":"20","showvalues":"0","plotgradientcolor":"","divlinealpha":"0","formatnumberscale":"1","defaultnumberscale":"","numberscalevalue":"1","numberscaleunit":"","plottooltext":"CRI : $label No of employee: $value Units","theme":"zune","canvasBgColor":"#000000","showBorder":"0","baseFont":"Verdana","baseFontColor":"#FFFFFF","bgColor":"#000000"},"data":[{"color":"#a6a6a6","label":"0","value":"2200000"},{"color":"#1a8cff","label":"1","value":"1980000"},{"color":"#1a8cff","label":"2","value":"1760000"},{"color":"#1a8cff","label":"3","value":"1540000"},{"color":"#1a8cff","label":"4","value":"1320000"},{"color":"#1a8cff","label":"5","value":"1100000"},{"color":"#1a8cff","label":"6","value":"880000"},{"color":"#1a8cff","label":"7","value":"660000"},{"color":"#1a8cff","label":"8","value":"440000"},{"color":"#1a8cff","label":"9","value":"220000"},{"color":"#1a8cff","label":"10","value":"0"}]}