{"chart":{"caption":"CRI","subcaption":"For specified company","lowerlimit":"0","upperlimit":"10","lowerlimitdisplay":"Good","upperlimitdisplay":"Bad","palette":"1","numbersuffix":" ","tickvaluedistance":"10","showvalue":"0","gaugeinnerradius":"0","bgcolor":"FFFFFF","pivotfillcolor":"333333","pivotradius":"8","pivotfillmix":"333333, 333333","pivotfilltype":"radial","pivotfillratio":"0,100","showtickvalues":"1","showborder":"0","canvasBgColor":"#666666","baseFont":"Verdana","baseFontColor":"#FFFFFF","bgColor":"#000000"},"colorrange":{"color":[{"minvalue":"0","maxvalue":"4","code":"6baa01"},{"minvalue":"4","maxvalue":"7","code":"f8bd19"},{"minvalue":"7","maxvalue":"10","code":"e44a00"}]},"dials":{"dial":[{"value":"Retailing","rearextension":"15","radius":"100","bgcolor":"333333","bordercolor":"333333","basewidth":"8"}]}}