{"chart":{"caption":"CRI based on amount spent on Cyber Security","yaxisname":"Amount spent in Million","xaxisname":"CRI","captionpadding":"20","showvalues":"0","plotgradientcolor":"","divlinealpha":"50","showBorder":"0","formatnumberscale":"1","defaultnumberscale":"Million","numberscalevalue":"1","numberscaleunit":" million","plottooltext":"CRI : $label Amount Spend on Cyber Security: $value Million","canvasBgColor":"#000000","baseFontColor":"#FFFFFF","baseFont":"Verdana","bgColor":"#000000"},"data":[{"color":"#1a8cff","label":"1","value":"137.1392"},{"color":"#1a8cff","label":"2","value":"274.2784"},{"color":"#1a8cff","label":"3","value":"411.4176"},{"color":"#1a8cff","label":"4","value":"548.5568"},{"color":"#1a8cff","label":"5","value":"685.696"},{"color":"#1a8cff","label":"6","value":"822.8352"},{"color":"#1a8cff","label":"7","value":"959.9744"},{"color":"#1a8cff","label":"8","value":"1097.1136"},{"color":"#a6a6a6","label":"9","value":"1234.2528"}],"annotations":{"origw":"450","origh":"300","autoscale":"1","showBelow":"0","groups":[{"id":"arcs","items":[{"id":"store-cs-bg","type":"rectangle","x":"$chartCenterX-130","y":"$chartEndY - 22","tox":"$chartCenterX + 150","toy":"$chartEndY - 2","fillcolor":"000000"},{"align":"center","color":"#ffffff","fontSize":"12","id":"state-cs-text","label":"Revenue Spent on Cybe Security 1234.2528 M","type":"Text","value":" ","x":"$chartCenterX + 10","y":"$chartEndY - 12"}]}]}}