{"chart":{"caption":"CRI different Actions Taken","yaxisname":"CRI","xaxisname":"Different Actions Index","captionpadding":"20","showvalues":"0","plotgradientcolor":"","divlinealpha":"50","formatnumberscale":"1","defaultnumberscale":"Million","numberscalevalue":"1","numberscaleunit":" Million","plottooltext":"CRI : $label CRI: $value 1","theme":"zune","canvasBgColor":"#666666","baseFontColor":"#FFFFFF","baseFont":"Verdana","bgColor":"#000000"},"data":[{"color":"#0000ff","label":"1","value":"137.1392"},{"color":"#0000ff","label":"5","value":"274.2784"},{"color":"#0000ff","label":"10","value":"411.4176"}],"annotations":{"origw":"450","origh":"300","autoscale":"1","showBelow":"0","groups":[{"id":"arcs","items":[{"id":"store-cs-bg","type":"rectangle","x":"$chartCenterX-130","y":"$chartEndY - 22","tox":"$chartCenterX + 150","toy":"$chartEndY - 2","fillcolor":"#0075c2"},{"align":"center","color":"#ffffff","fontSize":"12","id":"state-cs-text","label":"Revenue Spent on Cybe Security 1234.2528 M","type":"Text","value":" ","x":"$chartCenterX + 10","y":"$chartEndY - 12"}]}]}}