{"chart":{"caption":"CRI for different leak method","yaxisname":"Cyber Resilience Index","xaxisname":"Leak Method Index","captionpadding":"20","showvalues":"0","plotgradientcolor":"","divlinealpha":"50","showBorder":"0","formatnumberscale":"1","numberscalevalue":"1","plottooltext":"CRI : $label Amount Spend on Cyber Security: $value Million","canvasBgColor":"#000000","baseFontColor":"#FFFFFF","baseFont":"Verdana","bgColor":"#000000"},"data":[{"color":"#1a8cff","label":"1","value":"10"},{"color":"#1a8cff","label":"2","value":"3.99999956570574"},{"color":"#1a8cff","label":"3","value":"3.69896978718883"},{"color":"#a6a6a6","label":"4","value":"3.52287860051553"},{"color":"#1a8cff","label":"5","value":"3.39793990009843"}],"annotations":{"origw":"450","origh":"300","autoscale":"1","showBelow":"0","groups":[{"id":"arcs","items":[{"id":"store-cs-bg","type":"rectangle","x":"$chartCenterX-130","y":"$chartEndY - 22","tox":"$chartCenterX + 150","toy":"$chartEndY - 2","fillcolor":"#000000"},{"align":"center","color":"#ffffff","fontSize":"12","id":"state-cs-text","label":"The number of data records stolen 1000000","type":"Text","value":" ","x":"$chartCenterX + 10","y":"$chartEndY - 12"}]}]}}