{"chart":{"caption":"CRI for different Sensitivity","yaxisname":"CRI","xaxisname":"Sensitivity Index","captionpadding":"20","showvalues":"0","plotgradientcolor":"","divlinealpha":"50","formatnumberscale":"1","defaultnumberscale":"","numberscalevalue":"1","numberscaleunit":"","plottooltext":"CRI : $label Cyber Resilience $value Index","theme":"zune","canvasBgColor":"#666666","baseFontColor":"#FFFFFF","baseFont":"Verdana","bgColor":"#000000"},"data":[{"color":"#a6a6a6","label":"1","value":"10"},{"color":"#1a8cff","label":"2","value":"3.39793990009843"},{"color":"#1a8cff","label":"3","value":"3.09690995872125"},{"color":"#1a8cff","label":"4","value":"2.92081871776117"},{"color":"#1a8cff","label":"5","value":"2.79587999020067"}],"annotations":{"origw":"450","origh":"300","autoscale":"1","showBelow":"0","groups":[{"id":"arcs","items":[{"id":"store-cs-bg","type":"rectangle","x":"$chartCenterX-130","y":"$chartEndY - 22","tox":"$chartCenterX + 150","toy":"$chartEndY - 2","fillcolor":"#0075c2"},{"align":"center","color":"#ffffff","fontSize":"12","id":"state-cs-text","label":"The number of data records stolen 1000000","type":"Text","value":" ","x":"$chartCenterX + 10","y":"$chartEndY - 12"}]}]}}