{"chart":{"caption":"CRI","subcaption":"for specified company","baseFontColor":"#FFFFFF","baseFont":"Verdana","lowerlimit":"0","upperlimit":"10","lowerlimitdisplay":"Bad","upperlimitdisplay":"Good","palette":"1","numbersuffix":" ","tickvaluedistance":"10","canvasBgColor":"#666666","showvalue":"0","gaugeinnerradius":"0","bgcolor":"000000","pivotfillcolor":"333333","pivotradius":"8","pivotfillmix":"333333, 333333","pivotfilltype":"radial","pivotfillratio":"0,100","showtickvalues":"1","showborder":"0"},"colorrange":{"color":[{"minvalue":"0","maxvalue":"3.5","code":"e44a00"},{"minvalue":"3.5","maxvalue":"7","code":"f8bd19"},{"minvalue":"7","maxvalue":"10","code":"6baa01"}]},"dials":{"dial":[{"value":"Click 'GO' ","rearextension":"15","radius":"100","bgcolor":"333333","bordercolor":"333333","basewidth":"8"}]}}